 INSERT INTO `game_event` (`entry`, start_time, end_time, occurence, `length`, description) VALUES ('100','2010-01-03 06:00:00','2020-01-03 09:00:00','1440','1440','Daily Hero: The Slave Pens!');
 INSERT INTO `game_event` (`entry`, start_time, end_time, occurence, `length`, description) VALUES ('101','2010-01-03 06:00:00','2020-01-03 09:00:00','5184000','1440','Daily Hero: The Steamvault!');
 INSERT INTO `game_event` (`entry`, start_time, end_time, occurence, `length`, description) VALUES ('102','2010-01-03 06:00:00','2020-01-03 09:00:00','5184000','1440','Daily Hero: The Underbog!');
 INSERT INTO `game_event` (`entry`, start_time, end_time, occurence, `length`, description) VALUES ('103','2010-01-03 06:00:00','2020-01-03 09:00:00','5184000','1440','Daily Hero: Auchenai Crypts!');
 INSERT INTO `game_event` (`entry`, start_time, end_time, occurence, `length`, description) VALUES ('104','2010-01-03 06:00:00','2020-01-03 09:00:00','5184000','1440','Daily Hero: Sethekk Halls!');
 INSERT INTO `game_event` (`entry`, start_time, end_time, occurence, `length`, description) VALUES ('105','2010-01-03 06:00:00','2020-01-03 09:00:00','5184000','1440','Daily Hero: Shadow Labyrinth!');
 INSERT INTO `game_event` (`entry`, start_time, end_time, occurence, `length`, description) VALUES ('106','2010-01-03 06:00:00','2020-01-03 09:00:00','5184000','1440','Daily Hero: Mana-Tombs!');
 INSERT INTO `game_event` (`entry`, start_time, end_time, occurence, `length`, description) VALUES ('107','2010-01-03 06:00:00','2020-01-03 09:00:00','5184000','1440','Daily Hero: The Arcatraz!');
 INSERT INTO `game_event` (`entry`, start_time, end_time, occurence, `length`, description) VALUES ('108','2010-01-03 06:00:00','2020-01-03 09:00:00','5184000','1440','Daily Hero: Mechanar!');
 INSERT INTO `game_event` (`entry`, start_time, end_time, occurence, `length`, description) VALUES ('109','2010-01-03 06:00:00','2020-01-03 09:00:00','5184000','1440','Daily Hero: The Botanica!');
 INSERT INTO `game_event` (`entry`, start_time, end_time, occurence, `length`, description) VALUES ('110','2010-01-03 06:00:00','2020-01-03 09:00:00','5184000','1440','Daily Hero: Hellfire Ramparts!');
 INSERT INTO `game_event` (`entry`, start_time, end_time, occurence, `length`, description) VALUES ('111','2010-01-03 06:00:00','2020-01-03 09:00:00','5184000','1440','Daily Hero: The Shattered Halls!');
 INSERT INTO `game_event` (`entry`, start_time, end_time, occurence, `length`, description) VALUES ('112','2010-01-03 06:00:00','2020-01-03 09:00:00','5184000','1440','Daily Hero: The Blood Furnace!');
 INSERT INTO `game_event` (`entry`, start_time, end_time, occurence, `length`, description) VALUES ('113','2010-01-03 06:00:00','2020-01-03 09:00:00','5184000','1440','Daily Hero: Caverns of Time: The Black Morass!');
 INSERT INTO `game_event` (`entry`, start_time, end_time, occurence, `length`, description) VALUES ('114','2010-01-03 06:00:00','2020-01-03 09:00:00','5184000','1440','Daily Hero: Caverns of Time: Old Hillsbrad Foothills!');
 INSERT INTO `game_event` (`entry`, start_time, end_time, occurence, `length`, description) VALUES ('115','2010-01-03 06:00:00','2020-01-03 09:00:00','5184000','1440','Daily Hero: Magisters Terrace!');
 
 INSERT INTO `game_event` (`entry`, start_time, end_time, occurence, `length`, description) VALUES ('116','2010-01-03 06:00:00','2020-01-03 09:00:00','5184000','1440','Daily Dungeon: Arcatraz!');
 INSERT INTO `game_event` (`entry`, start_time, end_time, occurence, `length`, description) VALUES ('117','2010-01-03 06:00:00','2020-01-03 09:00:00','5184000','1440','Daily Dungeon: Steamvault!');
 INSERT INTO `game_event` (`entry`, start_time, end_time, occurence, `length`, description) VALUES ('118','2010-01-03 06:00:00','2020-01-03 09:00:00','5184000','1440','Daily Dungeon: Shadow Labyrinth!');
 INSERT INTO `game_event` (`entry`, start_time, end_time, occurence, `length`, description) VALUES ('119','2010-01-03 06:00:00','2020-01-03 09:00:00','5184000','1440','Daily Dungeon: Mechanar!');
 INSERT INTO `game_event` (`entry`, start_time, end_time, occurence, `length`, description) VALUES ('120','2010-01-03 06:00:00','2020-01-03 09:00:00','5184000','1440','Daily Dungeon: Shattered Halls!');
 INSERT INTO `game_event` (`entry`, start_time, end_time, occurence, `length`, description) VALUES ('121','2010-01-03 06:00:00','2020-01-03 09:00:00','5184000','1440','Daily Dungeon: Botanica!');
 INSERT INTO `game_event` (`entry`, start_time, end_time, occurence, `length`, description) VALUES ('122','2010-01-03 06:00:00','2020-01-03 09:00:00','5184000','1440','Daily Dungeon: Black Morass!');
 INSERT INTO `game_event` (`entry`, start_time, end_time, occurence, `length`, description) VALUES ('123','2010-01-03 06:00:00','2020-01-03 09:00:00','1440','1440','Daily Dungeon: Magisters Terrace!');
 
 INSERT INTO `game_event` (`entry`, start_time, end_time, occurence, `length`, description) VALUES ('124','2010-01-03 06:00:00','2020-01-03 09:00:00','5184000','1440','Daily Cooking: Manalicious');
 INSERT INTO `game_event` (`entry`, start_time, end_time, occurence, `length`, description) VALUES ('125','2010-01-03 06:00:00','2020-01-03 09:00:00','5184000','1440','Daily Cooking: Revenge is Tasty');
 INSERT INTO `game_event` (`entry`, start_time, end_time, occurence, `length`, description) VALUES ('126','2010-01-03 06:00:00','2020-01-03 09:00:00','5184000','1440','Daily Cooking: Soup for the Soul');
 INSERT INTO `game_event` (`entry`, start_time, end_time, occurence, `length`, description) VALUES ('127','2010-01-03 06:00:00','2020-01-03 09:00:00','1440','1440','Daily Cooking: Super Hot Stew');
 
 INSERT INTO `game_event` (`entry`, start_time, end_time, occurence, `length`, description) VALUES ('128','2010-01-03 06:00:00','2020-01-03 09:00:00','5184000','1440','Daily Fishing: Bait Bandits');
 INSERT INTO `game_event` (`entry`, start_time, end_time, occurence, `length`, description) VALUES ('129','2010-01-03 06:00:00','2020-01-03 09:00:00','5184000','1440','Daily Fishing: Crocolisks in the City');
 INSERT INTO `game_event` (`entry`, start_time, end_time, occurence, `length`, description) VALUES ('130','2010-01-03 06:00:00','2020-01-03 09:00:00','5184000','1440','Daily Fishing: Felblood Fillet');
 INSERT INTO `game_event` (`entry`, start_time, end_time, occurence, `length`, description) VALUES ('131','2010-01-03 06:00:00','2020-01-03 09:00:00','5184000','1440','Daily Fishing: Shrimpin\' Ain\'t Easy');
 INSERT INTO `game_event` (`entry`, start_time, end_time, occurence, `length`, description) VALUES ('132','2010-01-03 06:00:00','2020-01-03 09:00:00','1440','1440','Daily Fishing: The One That Got Away');
 
 INSERT INTO `game_event` (`entry`, start_time, end_time, occurence, `length`, description) VALUES ('133','2010-01-03 06:00:00','2020-01-03 09:00:00','5184000','1440','Daily PvP: Arathi Basin');
 INSERT INTO `game_event` (`entry`, start_time, end_time, occurence, `length`, description) VALUES ('134','2010-01-03 06:00:00','2020-01-03 09:00:00','5184000','1440','Daily PvP: Alterac Valley');
 INSERT INTO `game_event` (`entry`, start_time, end_time, occurence, `length`, description) VALUES ('135','2010-01-03 06:00:00','2020-01-03 09:00:00','5184000','1440','Daily PvP: Eye of the Storm');
 INSERT INTO `game_event` (`entry`, start_time, end_time, occurence, `length`, description) VALUES ('136','2010-01-03 06:00:00','2020-01-03 09:00:00','1440','1440','Daily PvP: Warsong Gulch');
 
 DELETE FROM `creature_questrelation` WHERE quest IN (11382, 11378, 11368, 11370, 11369, 11374, 11372, 11375, 11373, 11388, 11386, 11384,11354,11363,11362,11499);
 DELETE FROM `creature_questrelation` WHERE quest IN (11389, 11371, 11376, 11383, 11364, 11500, 11385, 11387);
 DELETE FROM `creature_questrelation` WHERE quest IN (11380, 11377, 11381, 11379);
 DELETE FROM `creature_questrelation` WHERE quest IN (11666, 11665, 11669, 11668, 11667);
 DELETE FROM `creature_questrelation` WHERE quest IN (11335, 11336, 11337, 11338);
 DELETE FROM `creature_questrelation` WHERE quest IN (11339, 11340, 11341, 11342);
 
 INSERT INTO `game_event_creature_quest` VALUES (24369, 11368, 100), (24369, 11370, 101), (24369, 11369, 102), (24369, 11374, 103), (24369, 11372, 104), (24369, 11375, 105), (24369, 11373, 106), (24369, 11388, 107), (24369, 11386, 108), (24369, 11384, 109), (24369, 11354, 110), (24369, 11363, 111), (24369, 11362, 112), (24369, 11382, 113), (24369, 11378, 114), (24369, 11499, 115);
 INSERT INTO `game_event_creature_quest` VALUES (24370, 11389, 116), (24370, 11371, 117), (24370, 11376, 118), (24370, 11387, 119), (24370, 11364, 120), (24370, 11385, 121), (24370, 11383, 122), (24370, 11500, 123);
 
 INSERT INTO `game_event_creature_quest` VALUES (24393, 11380, 124), (24393, 11377, 125), (24393, 11381, 126), (24393, 11379, 127);
 INSERT INTO `game_event_creature_quest` VALUES (25580, 11666, 128), (25580, 11665, 129), (25580, 11669, 130), (25580, 11668, 131), (25580, 11667, 132);
 
 INSERT INTO `game_event_creature_quest` VALUES (15351, 11335, 133), (15351, 11336, 134), (15351, 11337, 135), (15351, 11338, 136);
 INSERT INTO `game_event_creature_quest` VALUES (15350, 11339, 133), (15350, 11340, 134), (15350, 11341, 135), (15350, 11342, 136);
 
 DELETE FROM `creature` WHERE `guid`=79464;
 DELETE FROM `creature` WHERE `guid`=79462;
 
 INSERT INTO `game_event_creature` VALUES ('667000', '100');
 INSERT INTO `game_event_creature` VALUES ('667001', '101');
 INSERT INTO `game_event_creature` VALUES ('667002', '102');
 INSERT INTO `game_event_creature` VALUES ('667003', '103');
 INSERT INTO `game_event_creature` VALUES ('667004', '104');
 INSERT INTO `game_event_creature` VALUES ('667005', '105');
 INSERT INTO `game_event_creature` VALUES ('667006', '106');
 INSERT INTO `game_event_creature` VALUES ('667007', '107');
 INSERT INTO `game_event_creature` VALUES ('667008', '108');
 INSERT INTO `game_event_creature` VALUES ('667009', '109');
 INSERT INTO `game_event_creature` VALUES ('667010', '110');
 INSERT INTO `game_event_creature` VALUES ('667011', '111');
 INSERT INTO `game_event_creature` VALUES ('667012', '112');
 INSERT INTO `game_event_creature` VALUES ('667013', '113');
 INSERT INTO `game_event_creature` VALUES ('667014', '114');
 INSERT INTO `game_event_creature` VALUES ('667015', '115');
 INSERT INTO `game_event_creature` VALUES ('667016', '116');
 INSERT INTO `game_event_creature` VALUES ('667017', '117');
 INSERT INTO `game_event_creature` VALUES ('667018', '118');
 INSERT INTO `game_event_creature` VALUES ('667019', '119');
 INSERT INTO `game_event_creature` VALUES ('667020', '120');
 INSERT INTO `game_event_creature` VALUES ('667021', '121');
 INSERT INTO `game_event_creature` VALUES ('667022', '122');
 INSERT INTO `game_event_creature` VALUES ('667023', '123');
 
 INSERT INTO `creature` VALUES ('667000', '24419', '530', '1', '0', '0', '-1787', '5158.15', '-39.3803', '2.3246', '25', '0', '0', '1', '0', '0', '0');
 INSERT INTO `creature` VALUES ('667001', '24421', '530', '1', '0', '0', '-1787', '5158.15', '-39.3803', '2.3246', '25', '0', '0', '1', '0', '0', '0');
 INSERT INTO `creature` VALUES ('667002', '24420', '530', '1', '0', '0', '-1787', '5158.15', '-39.3803', '2.3246', '25', '0', '0', '1', '0', '0', '0');
 INSERT INTO `creature` VALUES ('667003', '24424', '530', '1', '0', '0', '-1787', '5158.15', '-39.3803', '2.3246', '25', '0', '0', '1', '0', '0', '0');
 INSERT INTO `creature` VALUES ('667004', '24422', '530', '1', '0', '0', '-1787', '5158.15', '-39.3803', '2.3246', '25', '0', '0', '1', '0', '0', '0');
 INSERT INTO `creature` VALUES ('667005', '24425', '530', '1', '0', '0', '-1787', '5158.15', '-39.3803', '2.3246', '25', '0', '0', '1', '0', '0', '0');
 INSERT INTO `creature` VALUES ('667006', '24423', '530', '1', '0', '0', '-1787', '5158.15', '-39.3803', '2.3246', '25', '0', '0', '1', '0', '0', '0');
 INSERT INTO `creature` VALUES ('667007', '24435', '530', '1', '0', '0', '-1787', '5158.15', '-39.3803', '2.3246', '25', '0', '0', '1', '0', '0', '0');
 INSERT INTO `creature` VALUES ('667008', '21504', '530', '1', '0', '0', '-1787', '5158.15', '-39.3803', '2.3246', '25', '0', '0', '1', '0', '0', '0');
 INSERT INTO `creature` VALUES ('667009', '24431', '530', '1', '0', '0', '-1787', '5158.15', '-39.3803', '2.3246', '25', '0', '0', '1', '0', '0', '0');
 INSERT INTO `creature` VALUES ('667010', '24410', '530', '1', '0', '0', '-1787', '5158.15', '-39.3803', '2.3246', '25', '0', '0', '1', '0', '0', '0');
 INSERT INTO `creature` VALUES ('667011', '24414', '530', '1', '0', '0', '-1787', '5158.15', '-39.3803', '2.3246', '25', '0', '0', '1', '0', '0', '0');
 INSERT INTO `creature` VALUES ('667012', '24413', '530', '1', '0', '0', '-1787', '5158.15', '-39.3803', '2.3246', '25', '0', '0', '1', '0', '0', '0');
 INSERT INTO `creature` VALUES ('667013', '24428', '530', '1', '0', '0', '-1787', '5158.15', '-39.3803', '2.3246', '25', '0', '0', '1', '0', '0', '0');
 INSERT INTO `creature` VALUES ('667014', '24427', '530', '1', '0', '0', '-1787', '5158.15', '-39.3803', '2.3246', '25', '0', '0', '1', '0', '0', '0');
 INSERT INTO `creature` VALUES ('667015', '24855', '530', '1', '0', '0', '-1787', '5158.15', '-39.3803', '2.3246', '25', '0', '0', '1', '0', '0', '0');
 INSERT INTO `creature` VALUES ('667016', '24434', '530', '1', '0', '0', '-1801.67', '5144.32', '-39.3797', '2.19344', '25', '0', '0', '1', '0', '0', '0');
 INSERT INTO `creature` VALUES ('667017', '24415', '530', '1', '0', '0', '-1801.67', '5144.32', '-39.3797', '2.19344', '25', '0', '0', '1', '0', '0', '0');
 INSERT INTO `creature` VALUES ('667018', '24426', '530', '1', '0', '0', '-1801.67', '5144.32', '-39.3797', '2.19344', '25', '0', '0', '1', '0', '0', '0');
 INSERT INTO `creature` VALUES ('667019', '24432', '530', '1', '0', '0', '-1801.67', '5144.32', '-39.3797', '2.19344', '25', '0', '0', '1', '0', '0', '0');
 INSERT INTO `creature` VALUES ('667020', '24411', '530', '1', '0', '0', '-1801.67', '5144.32', '-39.3797', '2.19344', '25', '0', '0', '1', '0', '0', '0');
 INSERT INTO `creature` VALUES ('667021', '24430', '530', '1', '0', '0', '-1801.67', '5144.32', '-39.3797', '2.19344', '25', '0', '0', '1', '0', '0', '0');
 INSERT INTO `creature` VALUES ('667022', '24429', '530', '1', '0', '0', '-1801.67', '5144.32', '-39.3797', '2.19344', '25', '0', '0', '1', '0', '0', '0');
 INSERT INTO `creature` VALUES ('667023', '24854', '530', '1', '0', '0', '-1801.67', '5144.32', '-39.3797', '2.19344', '25', '0', '0', '1', '0', '0', '0');
 UPDATE `creature_template` SET `unit_flags` = 33554432 WHERE `entry` = 24419;
 UPDATE `creature_template` SET `unit_flags` = 33554432 WHERE `entry` = 24421;
 UPDATE `creature_template` SET `unit_flags` = 33554432 WHERE `entry` = 24420;
 UPDATE `creature_template` SET `unit_flags` = 33554432 WHERE `entry` = 24424;
 UPDATE `creature_template` SET `unit_flags` = 33554432 WHERE `entry` = 24422;
 UPDATE `creature_template` SET `unit_flags` = 33554432 WHERE `entry` = 24425;
 UPDATE `creature_template` SET `unit_flags` = 33554432 WHERE `entry` = 24423;
 UPDATE `creature_template` SET `unit_flags` = 33554432 WHERE `entry` = 24435;
 UPDATE `creature_template` SET `unit_flags` = 33554432 WHERE `entry` = 21504;
 UPDATE `creature_template` SET `unit_flags` = 33554432 WHERE `entry` = 24431;
 UPDATE `creature_template` SET `unit_flags` = 33554432 WHERE `entry` = 24410;
 UPDATE `creature_template` SET `unit_flags` = 33554432 WHERE `entry` = 24414;
 UPDATE `creature_template` SET `unit_flags` = 33554432 WHERE `entry` = 24413;
 UPDATE `creature_template` SET `unit_flags` = 33554432 WHERE `entry` = 24428;
 UPDATE `creature_template` SET `unit_flags` = 33554432 WHERE `entry` = 24427;
 UPDATE `creature_template` SET `unit_flags` = 33554432 WHERE `entry` = 24855;
 UPDATE `creature_template` SET `unit_flags` = 33554432 WHERE `entry` = 24434;
 UPDATE `creature_template` SET `unit_flags` = 33554432 WHERE `entry` = 24415;
 UPDATE `creature_template` SET `unit_flags` = 33554432 WHERE `entry` = 24426;
 UPDATE `creature_template` SET `unit_flags` = 33554432 WHERE `entry` = 24432;
 UPDATE `creature_template` SET `unit_flags` = 33554432 WHERE `entry` = 24411;
 UPDATE `creature_template` SET `unit_flags` = 33554432 WHERE `entry` = 24430;
 UPDATE `creature_template` SET `unit_flags` = 33554432 WHERE `entry` = 24429;
 UPDATE `creature_template` SET `unit_flags` = 33554432 WHERE `entry` = 24854;
