UPDATE `quest_template` SET `StartScript`='7622' WHERE (`entry`='7622');

INSERT INTO `quest_start_scripts` (`id`, `delay`, `command`, `datalong`, `datalong2`, `dataint`, `x`, `y`, `z`, `o`) VALUES 
('7622', '5', '10', '14489', '300000', '0', '3365.48', '-3006.97', '187.064', '3.31059'),
('7622', '5', '10', '14489', '300000', '0', '3346.46', '-3071.37', '177.93', '1.55129'),
('7622', '5', '10', '14489', '300000', '0', '3356.14', '-3076.82', '174.239', '1.61019'),
('7622', '5', '10', '14489', '300000', '0', '3370.77', '-3069.3', '175.001', '2.05316'),
('7622', '5', '10', '14489', '300000', '0', '3368.1', '-3024.62', '171.321', '3.61219'),
('7622', '5', '10', '14489', '300000', '0', '3328.53', '-3017.16', '171.563', '0.454884'),
('7622', '5', '10', '14489', '300000', '0', '3334.27', '-3051.73', '174.171', '0.808314'),
('7622', '5', '10', '14489', '300000', '0', '3377.17', '-3064.07', '179.666', '2.37518'),
('7622', '5', '10', '14489', '300000', '0', '3383', '-3055.63', '180.35', '2.6108'),
('7622', '5', '10', '14493', '300000', '0', '3360.96', '-3053.21', '165.304', '1.95656');


DELETE `creature_template` WHERE entry in (14493, 14489, 14486, 14485, 14484);
INSERT INTO `creature_template` (`entry`, `heroic_entry`, `KillCredit`, `modelid_A`, `modelid_A2`, `modelid_H`, `modelid_H2`, `name`, `subname`, `IconName`, `minlevel`, `maxlevel`, `minhealth`, `maxhealth`, `minmana`, `maxmana`, `armor`, `faction_A`, `faction_H`, `npcflag`, `speed`, `scale`, `rank`, `mindmg`, `maxdmg`, `dmgschool`, `attackpower`, `baseattacktime`, `rangeattacktime`, `unit_flags`, `dynamicflags`, `family`, `trainer_type`, `trainer_spell`, `class`, `race`, `minrangedmg`, `maxrangedmg`, `rangedattackpower`, `type`, `type_flags`, `lootid`, `pickpocketloot`, `skinloot`, `resistance1`, `resistance2`, `resistance3`, `resistance4`, `resistance5`, `resistance6`, `spell1`, `spell2`, `spell3`, `spell4`, `spell5`, `PetSpellDataId`, `mingold`, `maxgold`, `AIName`, `MovementType`, `InhabitType`, `RacialLeader`, `RegenHealth`, `equipment_id`, `mechanic_immune_mask`, `flags_extra`, `ScriptName`) VALUES 
('14493', '0', NULL, '14537', '0', '14537', '0', 'Priest Epic Event Caller', '', '', '1', '1', '5000', '5000', '0', '0', '0', '35', '35', '0', '1.2', '1', '0', '1', '1', '0', '9', '0', '0', '0', '0', '0', '0', '0', '0', '0', '0', '0', '0', '7', '0', '0', '0', '0', '0', '0', '0', '0', '0', '0', '0', '0', '0', '0', NULL, '0', '0', '0', '', '0', '3', '0', '1', '0', '0', '130', 'trigger_epic_staff'),
('14489', '0', NULL, '9790', '0', '9790', '0', 'Scourge Archer', '', '', '60', '60', '3052', '3052', '0', '0', '3791', '1962', '1962', '0', '1.26', '1', '0', '44', '78', '0', '1269', '1410', '1551', '33554438', '0', '0', '0', '0', '0', '0', '74.448', '102.366', '100', '6', '0', '0', '0', '0', '0', '0', '0', '0', '0', '0', '6660', '0', '0', '0', NULL, '0', '0', '0', '', '0', '3', '0', '1', '1', '8388624', '0', 'mobs_scourge_archer'),
('14486', '0', NULL, '9786', '0', '9786', '0', 'Scourge Footsoldier', 'Kel\'Thuzad\'s Minion', '', '57', '59', '84', '89', '0', '0', '3435', '21', '21', '0', '1.25', '1', '0', '28', '54', '0', '861', '1430', '1573', '0', '0', '0', '0', '0', '0', '0', '71.7288', '98.6271', '100', '6', '0', '0', '0', '0', '0', '0', '0', '0', '0', '0', '0', '0', '0', '0', NULL, '0', '0', '0', '', '0', '3', '0', '1', '0', '8388624', '0', 'mobs_Scourge_Footsoldier'),
('14485', '0', NULL, '14537', '0', '14537', '0', 'Plagued Peasant', '', '', '52', '53', '1700', '1800', '0', '0', '0', '35', '35', '0', '1.21', '1', '0', '33', '70', '0', '1086', '1490', '1639', '655360', '0', '0', '0', '0', '0', '0', '68.1824', '93.7508', '100', '6', '4096', '0', '0', '0', '0', '0', '0', '0', '0', '0', '0', '0', '0', '0', NULL, '0', '0', '0', '', '2', '3', '0', '1', '0', '8388624', '2', 'mobs_plagued_peasant'),
('14484', '0', NULL, '14533', '0', '14533', '0', 'Injured Peasant', '', '', '51', '52', '1700', '1700', '0', '0', '0', '35', '35', '0', '1', '1', '0', '33', '69', '0', '1059', '1500', '1650', '655360', '0', '0', '0', '0', '0', '0', '67.32', '92.565', '100', '6', '4096', '0', '0', '0', '0', '0', '0', '0', '0', '0', '0', '0', '0', '0', NULL, '0', '0', '0', '', '2', '3', '0', '1', '0', '8388624', '2', 'mobs_peasants');

INSERT INTO `waypoint_data` (`id`, `point`, `position_x`, `position_y`, `position_z`, `delay`, `move_flag`, `action`, `action_chance`, `wpguid`) VALUES ('144840', '1', '3323.14', '-2965', '159.25', '0', '0', '144840', '100', '0');

INSERT INTO `creature_template_addon` (`entry`, `path_id`, `mount`, `bytes0`, `bytes1`, `bytes2`, `emote`, `moveflags`, `auras`) VALUES 
('14484', '144840', '0', '0', '0', '0', '0', '0', NULL),
('14485', '144840', '0', '0', '0', '0', '0', '0', NULL);