-- Dance Animation
DELETE FROM `creature_addon` WHERE `guid`='52841';
INSERT INTO `creature_addon` VALUES ('52841', '0', '0', '0', '0', '0', '10', '0', '0');
DELETE FROM `creature_addon` WHERE `guid`='52842';
INSERT INTO `creature_addon` VALUES ('52842', '0', '0', '0', '0', '0', '10', '0', '0');
DELETE FROM `creature_addon` WHERE `guid`='52843';
INSERT INTO `creature_addon` VALUES ('52843', '0', '0', '0', '0', '0', '10', '0', '0');
DELETE FROM `creature_addon` WHERE `guid`='52826';
INSERT INTO `creature_addon` VALUES ('52826', '0', '0', '0', '0', '0', '10', '0', '0');
DELETE FROM `creature_addon` WHERE `guid`='52715';
INSERT INTO `creature_addon` VALUES ('52715', '0', '0', '0', '0', '0', '10', '0', '0');
DELETE FROM `creature_addon` WHERE `guid`='52824';
INSERT INTO `creature_addon` VALUES ('52824', '0', '0', '0', '0', '0', '10', '0', '0');
DELETE FROM `creature_addon` WHERE `guid`='52720';
INSERT INTO `creature_addon` VALUES ('52720', '0', '0', '0', '0', '0', '10', '0', '0');
DELETE FROM `creature_addon` WHERE `guid`='52774';
INSERT INTO `creature_addon` VALUES ('52774', '0', '0', '0', '0', '0', '10', '0', '0');
DELETE FROM `creature_addon` WHERE `guid`='52775';
INSERT INTO `creature_addon` VALUES ('52775', '0', '0', '0', '0', '0', '10', '0', '0');
DELETE FROM `creature_addon` WHERE `guid`='52777';
INSERT INTO `creature_addon` VALUES ('52777', '0', '0', '0', '0', '0', '10', '0', '0');
DELETE FROM `creature_addon` WHERE `guid`='52505';
INSERT INTO `creature_addon` VALUES ('52505', '0', '0', '0', '0', '0', '10', '0', '0');
DELETE FROM `creature_addon` WHERE `guid`='52504';
INSERT INTO `creature_addon` VALUES ('52504', '0', '0', '0', '0', '0', '10', '0', '0');
DELETE FROM `creature_addon` WHERE `guid`='52776';
INSERT INTO `creature_addon` VALUES ('52776', '0', '0', '0', '0', '0', '10', '0', '0');
DELETE FROM `creature_addon` WHERE `guid`='52706';
INSERT INTO `creature_addon` VALUES ('52706', '0', '0', '0', '0', '0', '10', '0', '0');
DELETE FROM `creature_addon` WHERE `guid`='52705';
INSERT INTO `creature_addon` VALUES ('52705', '0', '0', '0', '0', '0', '10', '0', '0');
DELETE FROM `creature_addon` WHERE `guid`='52807';
INSERT INTO `creature_addon` VALUES ('52807', '0', '0', '0', '0', '0', '10', '0', '0');
DELETE FROM `creature_addon` WHERE `guid`='52829';
INSERT INTO `creature_addon` VALUES ('52829', '0', '0', '0', '0', '0', '10', '0', '0');
DELETE FROM `creature_addon` WHERE `guid`='52803';
INSERT INTO `creature_addon` VALUES ('52803', '0', '0', '0', '0', '0', '10', '0', '0');
DELETE FROM `creature_addon` WHERE `guid`='52799';
INSERT INTO `creature_addon` VALUES ('52799', '0', '0', '0', '0', '0', '10', '0', '0');
DELETE FROM `creature_addon` WHERE `guid`='52687';
INSERT INTO `creature_addon` VALUES ('52687', '0', '0', '0', '0', '0', '10', '0', '0');
DELETE FROM `creature_addon` WHERE `guid`='52791';
INSERT INTO `creature_addon` VALUES ('52791', '0', '0', '0', '0', '0', '10', '0', '0');
DELETE FROM `creature_addon` WHERE `guid`='52792';
INSERT INTO `creature_addon` VALUES ('52792', '0', '0', '0', '0', '0', '10', '0', '0');
DELETE FROM `creature_addon` WHERE `guid`='52789';
INSERT INTO `creature_addon` VALUES ('52789', '0', '0', '0', '0', '0', '10', '0', '0');
DELETE FROM `creature_addon` WHERE `guid`='52682';
INSERT INTO `creature_addon` VALUES ('52682', '0', '0', '0', '0', '0', '10', '0', '0');

-- Talking Animation
DELETE FROM `creature_addon` WHERE `guid`='52816';
INSERT INTO `creature_addon` VALUES ('52816', '0', '0', '0', '0', '0', '1', '0', '0');
DELETE FROM `creature_addon` WHERE `guid`='52709';
INSERT INTO `creature_addon` VALUES ('52709', '0', '0', '0', '0', '0', '1', '0', '0');

-- UseStanding Animation
DELETE FROM `creature_addon` WHERE `guid`='52609';
INSERT INTO `creature_addon` VALUES ('52609', '0', '0', '0', '0', '0', '69', '0', '0');
DELETE FROM `creature_addon` WHERE `guid`='52608';
INSERT INTO `creature_addon` VALUES ('52608', '0', '0', '0', '0', '0', '69', '0', '0');
DELETE FROM `creature_addon` WHERE `guid`='52520';
INSERT INTO `creature_addon` VALUES ('52520', '0', '0', '0', '0', '0', '69', '0', '0');
DELETE FROM `creature_addon` WHERE `guid`='52780';
INSERT INTO `creature_addon` VALUES ('52780', '0', '0', '0', '0', '0', '69', '0', '0');

-- Poduchy #1
DELETE FROM `creature_formations` WHERE `leaderguid`='52839';
INSERT INTO `creature_formations` VALUES ('52839', '52839', '0', '0', '2');
INSERT INTO `creature_formations` VALUES ('52839', '52731', '0', '0', '2');
INSERT INTO `creature_formations` VALUES ('52839', '52732', '0', '0', '2');
INSERT INTO `creature_formations` VALUES ('52839', '52840', '0', '0', '2');
INSERT INTO `creature_formations` VALUES ('52839', '52733', '0', '0', '2');
INSERT INTO `creature_formations` VALUES ('52839', '52834', '0', '0', '2');
INSERT INTO `creature_formations` VALUES ('52839', '52835', '0', '0', '2');
INSERT INTO `creature_formations` VALUES ('52839', '52729', '0', '0', '2');
INSERT INTO `creature_formations` VALUES ('52839', '52836', '0', '0', '2');
INSERT INTO `creature_formations` VALUES ('52839', '52730', '0', '0', '2');

-- Poduchy #2
DELETE FROM `creature_formations` WHERE `leaderguid`='52819';
INSERT INTO `creature_formations` VALUES ('52819', '52819', '0', '0', '2');
INSERT INTO `creature_formations` VALUES ('52819', '52711', '0', '0', '2');
INSERT INTO `creature_formations` VALUES ('52819', '52820', '0', '0', '2');
INSERT INTO `creature_formations` VALUES ('52819', '52712', '0', '0', '2');
INSERT INTO `creature_formations` VALUES ('52819', '52713', '0', '0', '2');
INSERT INTO `creature_formations` VALUES ('52819', '52821', '0', '0', '2');
INSERT INTO `creature_formations` VALUES ('52819', '52714', '0', '0', '2');
INSERT INTO `creature_formations` VALUES ('52819', '52817', '0', '0', '2');
INSERT INTO `creature_formations` VALUES ('52819', '52818', '0', '0', '2');
INSERT INTO `creature_formations` VALUES ('52819', '52710', '0', '0', '2');

-- Poduchy #3
UPDATE `creature` SET `position_x`='918.685', `position_y`='392.497', `position_z`='121.234' WHERE `guid`='52841';
UPDATE `creature` SET `orientation`='3.04' WHERE `guid`='52841';

UPDATE `creature` SET `orientation`='5.59' WHERE `guid`='52737';
UPDATE `creature` SET `orientation`='5.59' WHERE `guid`='52738';
UPDATE `creature` SET `orientation`='5.59' WHERE `guid`='52735';
UPDATE `creature` SET `orientation`='0' WHERE `guid`='52736';
UPDATE `creature` SET `orientation`='0.79' WHERE `guid`='52844';
UPDATE `creature` SET `orientation`='0.79' WHERE `guid`='52845';
UPDATE `creature` SET `orientation`='0.79' WHERE `guid`='52734';

DELETE FROM `creature_formations` WHERE `leaderguid`='52736';
INSERT INTO `creature_formations` VALUES ('52736', '52736', '0', '0', '2');
INSERT INTO `creature_formations` VALUES ('52736', '52735', '0', '0', '2');
INSERT INTO `creature_formations` VALUES ('52736', '52737', '0', '0', '2');
INSERT INTO `creature_formations` VALUES ('52736', '52844', '0', '0', '2');
INSERT INTO `creature_formations` VALUES ('52736', '52845', '0', '0', '2');
INSERT INTO `creature_formations` VALUES ('52736', '52734', '0', '0', '2');
INSERT INTO `creature_formations` VALUES ('52736', '52738', '0', '0', '2');
INSERT INTO `creature_formations` VALUES ('52736', '52842', '0', '0', '2');
INSERT INTO `creature_formations` VALUES ('52736', '52843', '0', '0', '2');
INSERT INTO `creature_formations` VALUES ('52736', '52841', '0', '0', '2');


-- Poduchy #4
DELETE FROM `creature_formations` WHERE `leaderguid`='52828';
INSERT INTO `creature_formations` VALUES ('52828', '52828', '0', '0', '2');
INSERT INTO `creature_formations` VALUES ('52828', '52824', '0', '0', '2');
INSERT INTO `creature_formations` VALUES ('52828', '52717', '0', '0', '2');
INSERT INTO `creature_formations` VALUES ('52828', '52719', '0', '0', '2');
INSERT INTO `creature_formations` VALUES ('52828', '52715', '0', '0', '2');
INSERT INTO `creature_formations` VALUES ('52828', '52826', '0', '0', '2');
INSERT INTO `creature_formations` VALUES ('52828', '52716', '0', '0', '2');
INSERT INTO `creature_formations` VALUES ('52828', '52825', '0', '0', '2');
INSERT INTO `creature_formations` VALUES ('52828', '52827', '0', '0', '2');
INSERT INTO `creature_formations` VALUES ('52828', '52720', '0', '0', '2');

-- Poduchy #5
DELETE FROM `creature_formations` WHERE `leaderguid`='52506';
INSERT INTO `creature_formations` VALUES ('52506', '52506', '0', '0', '2');
INSERT INTO `creature_formations` VALUES ('52506', '52507', '0', '0', '2');
INSERT INTO `creature_formations` VALUES ('52506', '52505', '0', '0', '2');
INSERT INTO `creature_formations` VALUES ('52506', '52777', '0', '0', '2');
INSERT INTO `creature_formations` VALUES ('52506', '52774', '0', '0', '2');
INSERT INTO `creature_formations` VALUES ('52506', '52775', '0', '0', '2');
INSERT INTO `creature_formations` VALUES ('52506', '52518', '0', '0', '2');
INSERT INTO `creature_formations` VALUES ('52506', '52778', '0', '0', '2');
INSERT INTO `creature_formations` VALUES ('52506', '52504', '0', '0', '2');
INSERT INTO `creature_formations` VALUES ('52506', '52776', '0', '0', '2');

-- Sisters Patrol #1
DELETE FROM `creature_formations` WHERE `leaderguid`='52854';
INSERT INTO `creature_formations` VALUES ('52854', '52854', '0', '0', '2');
INSERT INTO `creature_formations` VALUES ('52854', '53058', '5', '3.93', '2');

UPDATE `creature` SET `movementtype`='2' WHERE `guid`='52854';
DELETE FROM `creature_addon` WHERE `guid`='52854';
INSERT INTO `creature_addon` VALUES ('52854', '52854', '0', '0', '0', '0', '0', '0', '0');

DELETE FROM `waypoint_data` WHERE `id`='52854';
INSERT INTO `waypoint_data` VALUES ('52854', '1', '916.769', '363.737', '112.768', '0', '0', '0', '100', '0');
INSERT INTO `waypoint_data` VALUES ('52854', '2', '903.943', '366.904', '112.768', '0', '0', '0', '100', '0');
INSERT INTO `waypoint_data` VALUES ('52854', '3', '895.289', '373.451', '112.768', '0', '0', '0', '100', '0');
INSERT INTO `waypoint_data` VALUES ('52854', '4', '889.831', '382.588', '112.768', '0', '0', '0', '100', '0');
INSERT INTO `waypoint_data` VALUES ('52854', '5', '888.516', '391.24', '112.768', '0', '0', '0', '100', '0');
INSERT INTO `waypoint_data` VALUES ('52854', '6', '890.019', '402.043', '112.768', '0', '0', '0', '100', '0');
INSERT INTO `waypoint_data` VALUES ('52854', '7', '894.611', '410.521', '112.768', '0', '0', '0', '100', '0');
INSERT INTO `waypoint_data` VALUES ('52854', '8', '904.264', '419.123', '112.768', '0', '0', '0', '100', '0');
INSERT INTO `waypoint_data` VALUES ('52854', '9', '913.873', '420.726', '112.768', '0', '0', '0', '100', '0');
INSERT INTO `waypoint_data` VALUES ('52854', '10', '926.022', '419.635', '112.768', '0', '0', '0', '100', '0');
INSERT INTO `waypoint_data` VALUES ('52854', '11', '937.232', '413.224', '112.768', '0', '0', '0', '100', '0');
INSERT INTO `waypoint_data` VALUES ('52854', '12', '944.011', '404.121', '112.768', '0', '0', '0', '100', '0');
INSERT INTO `waypoint_data` VALUES ('52854', '13', '946.155', '395.278', '112.768', '0', '0', '0', '100', '0');
INSERT INTO `waypoint_data` VALUES ('52854', '14', '944.679', '382.685', '112.768', '0', '0', '0', '100', '0');
INSERT INTO `waypoint_data` VALUES ('52854', '15', '938.888', '373.221', '112.768', '0', '0', '0', '100', '0');
INSERT INTO `waypoint_data` VALUES ('52854', '16', '932.055', '366.82', '112.768', '0', '0', '0', '100', '0');
INSERT INTO `waypoint_data` VALUES ('52854', '17', '923.917', '363.463', '112.768', '0', '0', '0', '100', '0');

-- Enslaved Man #1
UPDATE `creature` SET `position_x`='959.683', `position_y`='392.263', `position_z`='112.768' WHERE `guid`='530625';

DELETE FROM `creature_formations` WHERE `leaderguid`='53062';
INSERT INTO `creature_formations` VALUES ('53062', '53062', '0', '0', '2');
INSERT INTO `creature_formations` VALUES ('53062', '53065', '0', '0', '2');
INSERT INTO `creature_formations` VALUES ('53062', '53063', '0', '0', '2');

-- Poduchy #6
DELETE FROM `creature_formations` WHERE `leaderguid`='52706';
INSERT INTO `creature_formations` VALUES ('52706', '52706', '0', '0', '2');
INSERT INTO `creature_formations` VALUES ('52706', '52705', '0', '0', '2');
INSERT INTO `creature_formations` VALUES ('52706', '52815', '0', '0', '2');
INSERT INTO `creature_formations` VALUES ('52706', '52813', '0', '0', '2');
INSERT INTO `creature_formations` VALUES ('52706', '52814', '0', '0', '2');
INSERT INTO `creature_formations` VALUES ('52706', '52704', '0', '0', '2');
INSERT INTO `creature_formations` VALUES ('52706', '52703', '0', '0', '2');
INSERT INTO `creature_formations` VALUES ('52706', '52812', '0', '0', '2');
INSERT INTO `creature_formations` VALUES ('52706', '52708', '0', '0', '2');
INSERT INTO `creature_formations` VALUES ('52706', '52809', '0', '0', '2');
INSERT INTO `creature_formations` VALUES ('52706', '52859', '0', '0', '2');

DELETE FROM `creature_addon` WHERE `guid`='52859';
INSERT INTO `creature_addon` VALUES ('52859', '52859', '0', '0', '0', '0', '0', '0', '0');
UPDATE `creature` SET `movementtype`='2' WHERE `guid`='52859';

DELETE FROM `waypoint_data` WHERE `id`='52859';
INSERT INTO `waypoint_data` VALUES ('52859', '1', '901.632', '527.59', '139.304', '0', '0', '0', '100', '0');
INSERT INTO `waypoint_data` VALUES ('52859', '2', '901.666', '553.664', '139.304', '0', '0', '0', '100', '0');
INSERT INTO `waypoint_data` VALUES ('52859', '3', '928.728', '553.559', '139.304', '0', '0', '0', '100', '0');
INSERT INTO `waypoint_data` VALUES ('52859', '4', '927.898', '527.208', '139.304', '0', '0', '0', '100', '0');

-- Fountain
DELETE FROM `creature_formations` WHERE `leaderguid`='52816';
INSERT INTO `creature_formations` VALUES ('52816', '52816', '0', '0', '2');
INSERT INTO `creature_formations` VALUES ('52816', '52709', '0', '0', '2');

-- Poduchy #7
DELETE FROM `creature_formations` WHERE `leaderguid`='52787';
INSERT INTO `creature_formations` VALUES ('52787', '52787', '0', '0', '2');
INSERT INTO `creature_formations` VALUES ('52787', '52786', '0', '0', '2');
INSERT INTO `creature_formations` VALUES ('52787', '52606', '0', '0', '2');
INSERT INTO `creature_formations` VALUES ('52787', '52785', '0', '0', '2');
INSERT INTO `creature_formations` VALUES ('52787', '52784', '0', '0', '2');
INSERT INTO `creature_formations` VALUES ('52787', '52788', '0', '0', '2');
INSERT INTO `creature_formations` VALUES ('52787', '52607', '0', '0', '2');
INSERT INTO `creature_formations` VALUES ('52787', '52610', '0', '0', '2');
INSERT INTO `creature_formations` VALUES ('52787', '52608', '0', '0', '2');
INSERT INTO `creature_formations` VALUES ('52787', '52609', '0', '0', '2');

DELETE FROM `creature_formations` WHERE `leaderguid`='52822';
INSERT INTO `creature_formations` VALUES ('52822', '52822', '0', '0', '2');
INSERT INTO `creature_formations` VALUES ('52822', '52519', '0', '0', '2');
INSERT INTO `creature_formations` VALUES ('52822', '52823', '0', '0', '2');

DELETE FROM `creature_formations` WHERE `leaderguid`='52779';
INSERT INTO `creature_formations` VALUES ('52779', '52779', '0', '0', '2');
INSERT INTO `creature_formations` VALUES ('52779', '52520', '0', '0', '2');
INSERT INTO `creature_formations` VALUES ('52779', '52780', '0', '0', '2');
INSERT INTO `creature_formations` VALUES ('52779', '52781', '0', '0', '2');
INSERT INTO `creature_formations` VALUES ('52779', '52521', '0', '0', '2');
INSERT INTO `creature_formations` VALUES ('52779', '52782', '0', '0', '2');
INSERT INTO `creature_formations` VALUES ('52779', '52522', '0', '0', '2');
INSERT INTO `creature_formations` VALUES ('52779', '52527', '0', '0', '2');
INSERT INTO `creature_formations` VALUES ('52779', '52783', '0', '0', '2');
INSERT INTO `creature_formations` VALUES ('52779', '52584', '0', '0', '2');

-- Sisters Patrol #2
DELETE FROM `creature_formations` WHERE `leaderguid`='53057';
INSERT INTO `creature_formations` VALUES ('53057', '53057', '0', '0', '2');
INSERT INTO `creature_formations` VALUES ('53057', '52850', '5', '3.93', '2');

UPDATE `creature` SET `movementtype`='2' WHERE `guid`='53057';
DELETE FROM `creature_addon` WHERE `guid`='53057';
INSERT INTO `creature_addon` VALUES ('53057', '53057', '0', '0', '0', '0', '0', '0', '0');

DELETE FROM `waypoint_data` WHERE `id`='53057';
INSERT INTO `waypoint_data` VALUES ('53057', '1', '800.692', '413.95', '192.802', '0', '0', '0', '100', '0');
INSERT INTO `waypoint_data` VALUES ('53057', '2', '800.225', '417.164', '192.802', '0', '0', '0', '100', '0');
INSERT INTO `waypoint_data` VALUES ('53057', '3', '800.168', '440.007', '192.802', '0', '0', '0', '100', '0');
INSERT INTO `waypoint_data` VALUES ('53057', '4', '804.458', '441.778', '192.802', '0', '0', '0', '100', '0');
INSERT INTO `waypoint_data` VALUES ('53057', '5', '829.688', '441.054', '192.802', '0', '0', '0', '100', '0');
INSERT INTO `waypoint_data` VALUES ('53057', '6', '837.313', '434.895', '192.802', '0', '0', '0', '100', '0');
INSERT INTO `waypoint_data` VALUES ('53057', '7', '857.29', '434.331', '192.802', '0', '0', '0', '100', '0');
INSERT INTO `waypoint_data` VALUES ('53057', '8', '857.196', '405.551', '192.802', '0', '0', '0', '100', '0');
INSERT INTO `waypoint_data` VALUES ('53057', '9', '853.411', '405.045', '192.802', '0', '0', '0', '100', '0');
INSERT INTO `waypoint_data` VALUES ('53057', '10', '826.204', '405.534', '192.802', '0', '0', '0', '100', '0');

-- Poduchy #8
DELETE FROM `creature_formations` WHERE `leaderguid`='52692';
INSERT INTO `creature_formations` VALUES ('52692', '52692', '0', '0', '2');
INSERT INTO `creature_formations` VALUES ('52692', '52804', '0', '0', '2');
INSERT INTO `creature_formations` VALUES ('52692', '52805', '0', '0', '2');

DELETE FROM `creature_formations` WHERE `leaderguid`='52694';
INSERT INTO `creature_formations` VALUES ('52694', '52806', '0', '0', '2');
INSERT INTO `creature_formations` VALUES ('52694', '52694', '0', '0', '2');
INSERT INTO `creature_formations` VALUES ('52694', '52693', '0', '0', '2');
INSERT INTO `creature_formations` VALUES ('52694', '52807', '0', '0', '2');

DELETE FROM `creature_formations` WHERE `leaderguid`='52697';
INSERT INTO `creature_formations` VALUES ('52697', '52697', '0', '0', '2');
INSERT INTO `creature_formations` VALUES ('52697', '52808', '0', '0', '2');
INSERT INTO `creature_formations` VALUES ('52697', '52700', '0', '0', '2');

-- Sisters Patrol #3
DELETE FROM `creature_formations` WHERE `leaderguid`='53056';
INSERT INTO `creature_formations` VALUES ('53056', '53056', '0', '0', '2');
INSERT INTO `creature_formations` VALUES ('53056', '52848', '5', '3.93', '2');

UPDATE `creature` SET `movementtype`='2' WHERE `guid`='53056';
DELETE FROM `creature_addon` WHERE `guid`='53056';
INSERT INTO `creature_addon` VALUES ('53056', '53056', '0', '0', '0', '0', '0', '0', '0');

DELETE FROM `waypoint_data` WHERE `id`='53056';
INSERT INTO `waypoint_data` VALUES ('53056', '1', '946.14', '400.876', '192.801', '0', '0', '0', '100', '0');
INSERT INTO `waypoint_data` VALUES ('53056', '2', '952.911', '401.009', '192.74', '0', '0', '0', '100', '0');
INSERT INTO `waypoint_data` VALUES ('53056', '3', '962.768', '407.187', '192.834', '0', '0', '0', '100', '0');
INSERT INTO `waypoint_data` VALUES ('53056', '4', '966.386', '413.409', '192.834', '0', '0', '0', '100', '0');
INSERT INTO `waypoint_data` VALUES ('53056', '5', '966.776', '425.708', '192.834', '0', '0', '0', '100', '0');
INSERT INTO `waypoint_data` VALUES ('53056', '6', '969.932', '436.245', '192.838', '0', '0', '0', '100', '0');
INSERT INTO `waypoint_data` VALUES ('53056', '7', '959.775', '446.371', '192.837', '0', '0', '0', '100', '0');
INSERT INTO `waypoint_data` VALUES ('53056', '8', '943.309', '450.581', '192.837', '0', '0', '0', '100', '0');
INSERT INTO `waypoint_data` VALUES ('53056', '9', '930.931', '443.127', '192.837', '0', '0', '0', '100', '0');
INSERT INTO `waypoint_data` VALUES ('53056', '10', '924.916', '436.125', '192.837', '0', '0', '0', '100', '0');
INSERT INTO `waypoint_data` VALUES ('53056', '11', '927.071', '426.323', '192.837', '0', '0', '0', '100', '0');
INSERT INTO `waypoint_data` VALUES ('53056', '12', '926.774', '414.761', '192.836', '0', '0', '0', '100', '0');
INSERT INTO `waypoint_data` VALUES ('53056', '13', '932.933', '404.286', '192.835', '0', '0', '0', '100', '0');
INSERT INTO `waypoint_data` VALUES ('53056', '14', '941.971', '400.703', '192.72', '0', '0', '0', '100', '0');

-- Static Sisters
DELETE FROM `creature_formations` WHERE `leaderguid`='52858';
INSERT INTO `creature_formations` VALUES ('52858', '52858', '0', '0', '2');
INSERT INTO `creature_formations` VALUES ('52858', '52906', '0', '0', '2');

DELETE FROM `creature_formations` WHERE `leaderguid`='52905';
INSERT INTO `creature_formations` VALUES ('52905', '52905', '0', '0', '2');
INSERT INTO `creature_formations` VALUES ('52905', '52856', '0', '0', '2');

UPDATE `creature` SET `movementtype`='2' WHERE `guid`='52857';
DELETE FROM `creature_addon` WHERE `guid`='52857';
INSERT INTO `creature_addon` VALUES ('52857', '52857', '0', '0', '0', '0', '0', '0', '0');

INSERT INTO `waypoint_data` VALUES ('52857', '1', '946.794', '375.182', '191.208', '3000', '0', '0', '100', '0');
INSERT INTO `waypoint_data` VALUES ('52857', '2', '945.651', '203.055', '191.452', '3000', '0', '0', '100', '0');

-- Poduchy #9
DELETE FROM `creature_formations` WHERE `leaderguid`='52690';
INSERT INTO `creature_formations` VALUES ('52690', '52690', '0', '0', '2');
INSERT INTO `creature_formations` VALUES ('52690', '52802', '0', '0', '2');
INSERT INTO `creature_formations` VALUES ('52690', '52799', '0', '0', '2');
INSERT INTO `creature_formations` VALUES ('52690', '52689', '0', '0', '2');
INSERT INTO `creature_formations` VALUES ('52690', '52803', '0', '0', '2');
INSERT INTO `creature_formations` VALUES ('52690', '52688', '0', '0', '2');

DELETE FROM `creature_formations` WHERE `leaderguid`='52801';
INSERT INTO `creature_formations` VALUES ('52801', '52801', '0', '0', '2');
INSERT INTO `creature_formations` VALUES ('52801', '52687', '0', '0', '2');
INSERT INTO `creature_formations` VALUES ('52801', '52691', '0', '0', '2');
INSERT INTO `creature_formations` VALUES ('52801', '52800', '0', '0', '2');

DELETE FROM `creature_formations` WHERE `leaderguid`='52727';
INSERT INTO `creature_formations` VALUES ('52727', '52727', '0', '0', '2');
INSERT INTO `creature_formations` VALUES ('52727', '52829', '0', '0', '2');
INSERT INTO `creature_formations` VALUES ('52727', '52728', '0', '0', '2');
INSERT INTO `creature_formations` VALUES ('52727', '52832', '0', '0', '2');
INSERT INTO `creature_formations` VALUES ('52727', '52722', '0', '0', '2');

DELETE FROM `creature_formations` WHERE `leaderguid`='52833';
INSERT INTO `creature_formations` VALUES ('52833', '52833', '0', '0', '2');
INSERT INTO `creature_formations` VALUES ('52833', '52830', '0', '0', '2');
INSERT INTO `creature_formations` VALUES ('52833', '52721', '0', '0', '2');
INSERT INTO `creature_formations` VALUES ('52833', '52831', '0', '0', '2');
INSERT INTO `creature_formations` VALUES ('52833', '52726', '0', '0', '2');

DELETE FROM `creature_formations` WHERE `leaderguid`='52684';
INSERT INTO `creature_formations` VALUES ('52684', '52684', '0', '0', '2');
INSERT INTO `creature_formations` VALUES ('52684', '52797', '0', '0', '2');
INSERT INTO `creature_formations` VALUES ('52684', '52682', '0', '0', '2');
INSERT INTO `creature_formations` VALUES ('52684', '52796', '0', '0', '2');
INSERT INTO `creature_formations` VALUES ('52684', '52681', '0', '0', '2');
INSERT INTO `creature_formations` VALUES ('52684', '52794', '0', '0', '2');
INSERT INTO `creature_formations` VALUES ('52684', '52795', '0', '0', '2');
INSERT INTO `creature_formations` VALUES ('52684', '52685', '0', '0', '2');
INSERT INTO `creature_formations` VALUES ('52684', '52798', '0', '0', '2');
INSERT INTO `creature_formations` VALUES ('52684', '52686', '0', '0', '2');

DELETE FROM `creature_formations` WHERE `leaderguid`='52655';
INSERT INTO `creature_formations` VALUES ('52655', '52655', '0', '0', '2');
INSERT INTO `creature_formations` VALUES ('52655', '52654', '0', '0', '2');
INSERT INTO `creature_formations` VALUES ('52655', '52792', '0', '0', '2');
INSERT INTO `creature_formations` VALUES ('52655', '52789', '0', '0', '2');
INSERT INTO `creature_formations` VALUES ('52655', '52790', '0', '0', '2');
INSERT INTO `creature_formations` VALUES ('52655', '52656', '0', '0', '2');

DELETE FROM `creature_formations` WHERE `leaderguid`='52791';
INSERT INTO `creature_formations` VALUES ('52791', '52791', '0', '0', '2');
INSERT INTO `creature_formations` VALUES ('52791', '52793', '0', '0', '2');
INSERT INTO `creature_formations` VALUES ('52791', '52629', '0', '0', '2');
INSERT INTO `creature_formations` VALUES ('52791', '52611', '0', '0', '2');

-- Sisters Patrol #4
DELETE FROM `creature_formations` WHERE `leaderguid`='52847';
INSERT INTO `creature_formations` VALUES ('52847', '52847', '0', '0', '2');
INSERT INTO `creature_formations` VALUES ('52847', '53055', '5', '3.93', '2');

UPDATE `creature` SET `movementtype`='2' WHERE `guid`='52847';
DELETE FROM `creature_addon` WHERE `guid`='52847';
INSERT INTO `creature_addon` VALUES ('52847', '52847', '0', '0', '0', '0', '0', '0', '0');

DELETE FROM `waypoint_data` WHERE `id`='52847';
INSERT INTO `waypoint_data` VALUES ('52847', '1', '957.62', '229.214', '192.839', '1000', '0', '0', '100', '0');
INSERT INTO `waypoint_data` VALUES ('52847', '2', '958.809', '272.069', '192.828', '0', '0', '0', '100', '0');
INSERT INTO `waypoint_data` VALUES ('52847', '3', '946.703', '271.871', '191.208', '1000', '0', '0', '100', '0');
INSERT INTO `waypoint_data` VALUES ('52847', '4', '935.601', '256.971', '192.838', '300', '0', '0', '100', '0');
INSERT INTO `waypoint_data` VALUES ('52847', '5', '933.758', '223.279', '192.841', '0', '0', '0', '100', '0');
INSERT INTO `waypoint_data` VALUES ('52847', '6', '945.356', '222.404', '191.208', '1000', '0', '0', '100', '0');
INSERT INTO `waypoint_data` VALUES ('52847', '7', '956.318', '222.474', '192.842', '0', '0', '0', '100', '0');

-- Sisters Patrol #5
DELETE FROM `creature_formations` WHERE `leaderguid`='53059';
INSERT INTO `creature_formations` VALUES ('53059', '53059', '0', '0', '2');
INSERT INTO `creature_formations` VALUES ('53059', '52855', '5', '3.93', '2');

UPDATE `creature` SET `movementtype`='2' WHERE `guid`='53059';
DELETE FROM `creature_addon` WHERE `guid`='53059';
INSERT INTO `creature_addon` VALUES ('53059', '53059', '0', '0', '0', '0', '0', '0', '0');

DELETE FROM `waypoint_data` WHERE `id`='53059';
INSERT INTO `waypoint_data` VALUES ('53059', '1', '931.932', '179.704', '192.825', '1000', '0', '0', '100', '0');
INSERT INTO `waypoint_data` VALUES ('53059', '2', '935.894', '179.212', '192.825', '300', '0', '0', '100', '0');
INSERT INTO `waypoint_data` VALUES ('53059', '3', '957.803', '179.418', '192.824', '0', '0', '0', '100', '0');
INSERT INTO `waypoint_data` VALUES ('53059', '4', '961.123', '175.814', '192.824', '300', '0', '0', '100', '0');
INSERT INTO `waypoint_data` VALUES ('53059', '5', '968.213', '162.957', '192.822', '0', '0', '0', '100', '0');
INSERT INTO `waypoint_data` VALUES ('53059', '6', '968.774', '130.868', '192.822', '0', '0', '0', '100', '0');
INSERT INTO `waypoint_data` VALUES ('53059', '7', '948.296', '121.703', '192.82', '0', '0', '0', '100', '0');
INSERT INTO `waypoint_data` VALUES ('53059', '8', '923.484', '132.228', '192.825', '0', '0', '0', '100', '0');
INSERT INTO `waypoint_data` VALUES ('53059', '9', '920.001', '158.199', '192.82', '0', '0', '0', '100', '0');

